{"mass":0.9,"centerOfMass":[0,0,0.057],"transformation":[1,0,0,0,0,1,0,0,0,0,1,0,0,0,0,1],"inertia":[0.002768,0,0,0,0.003149,0,0,0,0.000564]}